market,total_profit,avg_profit,win_rate,num_bets
spreads,18.79,4.6975,1.0,4
h2h,5.5,5.5,1.0,1
totals,4.7700000000000005,0.47700000000000004,1.0,10
