{
  "total_profit": 29.060000000000002,
  "avg_profit": 1.9373333333333336,
  "median_profit": 0.67,
  "volatility": 3.1031377361509125,
  "max_drawdown": 0.0,
  "win_rate": 1.0,
  "sharpe_ratio": 9.910682623440973,
  "profit_factor": Infinity,
  "total_bets": 15,
  "wins": 15,
  "losses": 0,
  "longest_win_streak": 15,
  "longest_loss_streak": 0,
  "gross_profit": 29.060000000000002,
  "gross_loss": 0.0,
  "best_bet": 10.0,
  "worst_bet": 0.04,
  "start_bankroll": 105.08,
  "current_bankroll": 134.14,
  "roi": 27.65511990864104
}